-2.813549498527939896e+00,-4.685972804974194439e+00,-2.128747226602966336e+00,-3.273553444447935057e+00,-1.966236191215896767e+00,-3.370497774929116730e+00,1.993137532277665436e+00,2.715108316681932088e+00,1.455244762826692906e-01,-2.641931118824368596e+00,-2.699603734012257839e+00,5.715166362058532457e-02,-3.658150370126508122e+00,6.146226298496344498e-01,-1.799979689496016277e-01,1.796687556456436852e+00,2.387072919303251162e+00,-3.348593443287459781e+00,-3.993062927349595448e+00,4.275875736114292280e+00,-2.797284690266535812e+00,-3.997919284999661649e+00,2.930562921829903189e+00,-3.925735733163967289e+00,-4.425909435778727641e-01,-3.928838705570413481e+00,3.257257848674051104e-01,-5.392518883849097833e-01,-3.202797827404705089e+00,4.850405271691858644e+00,1.632264927658747311e+00,1.301283849262036441e+00,5.027064580644102776e-01,-4.700626345185003885e+00,-3.942088264589199476e+00,-1.501913176943810768e+00,-4.495959452614574303e+00,5.165451502515558957e-01,3.068721140242718803e+00,-1.233647013138329029e+00,4.313053143523365662e+00,-1.960374837035044671e+00,-8.920944571613826923e-01,-2.882813492378464293e+00,-8.934357263515932956e-01,-4.071395914332117449e+00,3.705882636197971536e+00,-1.682148634279548638e+00,4.355849135956260554e+00,1.405710817692798820e+00
-4.374832863023984331e+00,-4.352473413023147941e-01,1.977895867039767275e+00,1.763969666990824692e+00,-4.501444266913669168e+00,2.202118633886827048e+00,3.847327667025417952e+00,-4.692786708854623789e+00,3.117711027806889135e+00,-3.920887924342358666e+00,4.526681423342557409e+00,9.756079147685250419e-01,3.095026485011462825e-01,-1.457956123185888408e+00,-2.145793029891941650e+00,-2.213644077592917814e+00,3.947384269293868542e+00,1.735148073332525520e+00,-1.821056778484653194e+00,-3.568093812222908667e+00,-4.579102456472046612e+00,1.757017329580172316e+00,-3.389954358813422886e+00,-4.043672530612192340e+00,1.257329924323715709e+00,-3.725658535678746386e+00,4.400325457461102374e+00,-3.300537656045907653e-01,4.312952816079139495e+00,3.346028785263586158e-01,1.016500124386200632e+00,-4.831450045671457083e+00,9.310915607232637115e-01,2.521086875065491562e+00,-1.098329238454875956e+00,1.212684888354493395e+00,-1.453890621550530948e+00,-2.500866326725885713e+00,-3.101973877066789065e+00,-3.417256588691541808e-01,-3.131020192708802163e+00,-1.784083481117248127e+00,-2.674806870593725350e+00,-3.597474910978757379e-01,4.796839998454155207e+00,7.076512518522282136e-02,2.961046809941092484e+00,-9.755729431460524737e-01,-3.250265093861814059e+00,1.550153104641196933e+00
-2.381647267274210833e+00,-1.191423686871791787e+00,1.390618063671061222e+00,3.571360026756023487e+00,-4.347040191405891818e+00,2.948506230437764053e+00,4.963445163849719677e+00,2.933389322177916370e+00,-2.562824914824486378e+00,-3.303175966551066267e-01,-6.944070781765177003e-01,3.185138147658069130e+00,-2.459529941318168156e+00,3.361573458182075314e+00,-2.146729016537570978e+00,3.824452032223108588e+00,3.341934692578670152e+00,-2.286137543169843855e+00,-1.560549267863275968e+00,8.005875380383278284e-01,3.931273083806319235e+00,-2.896245078652622595e+00,-4.405550535858928640e+00,-3.309670427468580645e+00,-2.295077422838062375e+00,7.128942563325946224e-02,-2.858323344070060834e+00,-2.843550579667283529e+00,-4.407936085634486467e+00,4.832354878099861750e+00,4.093183733973491556e+00,7.455126667325018275e-01,1.234185836406301640e+00,-2.017468171163927515e+00,2.208307019530173498e+00,-5.170508727946456773e-01,2.219777846147583666e+00,-2.855961356178653432e+00,-3.221816720871441220e+00,3.949231792009344488e-01,3.220759480220866777e+00,-3.024174079587921504e+00,-3.850933291395724822e+00,-2.728954598071981152e+00,-3.064892343881668868e+00,-4.427480761049297442e+00,3.229104984395574363e+00,-3.765208189242757797e+00,-3.701246172183129346e+00,3.619511122218380450e+00
-3.076256354111281954e+00,1.538693103719389832e+00,-3.521409733228958672e+00,-4.536344800920467435e+00,3.128925186113223234e+00,1.914809986931898855e+00,-2.223814670140479066e+00,2.734372881914076459e+00,-2.747866875639005890e+00,-3.211933426097142164e+00,4.807324483828455897e+00,1.062979721028205482e+00,-4.444036184283310043e+00,4.036649819456991750e+00,1.922786919425063523e+00,1.924114659054692922e+00,3.180433640103805359e+00,4.042010073103410761e+00,9.166387181587580812e-01,-2.040398868693817924e+00,-1.547372079448790849e+00,4.692022438307624554e+00,-2.371332574903636470e+00,2.792858058226873830e+00,-4.663890759475250114e+00,-3.453751542865600932e+00,-2.324544216489953463e+00,2.041846347573116560e+00,-4.842343003953306635e-01,1.793208184509573755e-01,7.332156018381708051e-01,3.608054558738654549e+00,9.689136925414025825e-01,1.012346042482922925e+00,2.258462850346045769e-01,-9.764494339884342011e-01,-1.549744704615150237e+00,-2.865111347359672322e-01,-4.887620184634692500e+00,-4.662869944495037444e+00,-2.413222375536209441e+00,-5.723092477115923060e-01,-1.573174018631139148e+00,-3.596384509535930363e+00,-2.879950752575521911e+00,-3.755140453091401209e+00,4.333910306841742610e+00,-9.756095628550802701e-01,5.710120645084888480e-01,-4.178583217972154706e+00
-1.205232070252400867e+00,2.613753776193864731e+00,-3.491796994096667550e+00,5.377761550474016161e-01,-1.536605792475663534e+00,4.708574496882750537e+00,2.136218399636060639e-01,4.906140813578666382e+00,-1.763518637386916055e-01,3.699069319972037917e+00,-2.599454974557768860e+00,-7.234912504470774053e-01,2.782643381173397046e+00,-2.677970316587348076e+00,2.409716342347874019e+00,4.199079752003406441e+00,-6.679796221604981099e-01,-9.019458182048900596e-01,-4.557331479554927789e+00,-3.336426546075542454e+00,-2.887501115944114183e+00,-3.653029896233359608e+00,-4.536974676108146198e+00,3.910240415529461444e+00,-1.424933881907458399e+00,-4.179810624391398832e+00,4.883404258668072373e+00,-4.341400952777791922e+00,-9.089153767574220666e-02,4.044816133982774176e+00,2.002468018957685558e+00,-4.963162564411179645e+00,2.050442169537177506e+00,-2.807777705585539074e+00,1.889233741129839217e+00,8.563707101635511520e-01,-4.302953986591320223e+00,-1.786771446919264150e+00,-4.096199634259376055e+00,-2.753867460345943208e+00,-3.078952303671536050e+00,1.731130081164976353e+00,-2.046027891452037117e+00,-4.225899885542629519e+00,4.955216426723199064e-01,3.943232524302292319e+00,3.102492827643294149e+00,9.109772534432600821e-01,1.310114674869018003e+00,2.103886102594179519e+00
-1.063361532104766027e+00,1.637469325978946344e-01,1.558497183531802222e+00,-2.145830473215148970e+00,5.727539322943417943e-01,4.220341384697334775e-02,-1.844406771019547975e+00,-4.021659408128462232e+00,4.089172866785347082e+00,-1.128642207870568015e+00,-4.357965299677747595e+00,8.537612617267757997e-01,-2.071108345601074596e+00,-2.740390454935374365e+00,5.329721674032859013e-01,-3.815132818669485282e+00,3.466337424126749056e+00,-8.240046868470223274e-01,-1.364184774363619290e+00,2.164516912264017101e+00,-9.766724934219972454e-02,-3.314403609170270215e+00,-1.834863007908133170e+00,-2.945144927990360983e+00,1.863995338706740945e+00,-1.595638028357329929e+00,-3.862259663379805641e+00,-2.070217985030230246e+00,4.468354918592909897e+00,-3.889968760681838056e+00,4.133389882492284784e+00,3.533523830596914550e+00,-9.921524914912875914e-01,-2.245471778383656414e+00,1.746082213529392746e+00,3.727354366269658215e+00,-2.003654467895152891e+00,3.114615872369862259e+00,3.389193668407131099e-01,-4.788449302304873534e+00,-1.730463217902248552e+00,1.542122092785874088e+00,-1.820274836040130850e+00,-1.665521152473561362e+00,-2.373884799417613767e+00,-8.186700363009009607e-01,-1.002611819628389522e+00,5.801660223847378006e-01,-3.641207139967195250e+00,-3.379264862327628016e+00
3.817371153501438741e-01,9.378656411467831688e-01,4.227688901484100370e+00,3.885940099601663533e+00,-4.939628340964690167e+00,2.313093565298190768e+00,4.822066441931832870e+00,1.775241441216723892e+00,-4.178253127835268366e+00,3.642257812172504217e+00,2.569242333727435934e+00,-2.881299397169287069e+00,3.957629030347694865e+00,4.728065983032587738e+00,-4.674517661525070977e+00,-4.466404445183607130e+00,2.431501370627491276e+00,-4.663115859534628704e+00,-4.420153521170861133e+00,-1.351644485178489230e+00,3.474266647839257871e+00,-7.527374534542863316e-01,2.159935150356750988e+00,-1.459026650186375562e+00,-3.384003617231169159e+00,-4.268218508443721859e-01,6.396517021356817878e-02,-4.912764028226187740e+00,1.538980828199452588e+00,2.726594081140224723e+00,-4.794353661691510560e+00,-3.135104061147599097e+00,-2.871678154485035606e-01,4.294587903323797917e+00,9.737986015844803944e-01,-3.355573783995069448e-02,-4.926743633795736876e+00,6.401309046569361172e-01,-2.264566964755224454e+00,-2.314783126396915414e+00,-8.104545769956894574e-01,2.627038057852272068e+00,-2.122857151129968756e+00,-2.307639875563087806e+00,-1.566474164495177401e+00,1.204547120381729286e+00,2.653413013951882782e+00,-4.942934874693588831e+00,-3.234633290836979924e+00,2.309494238953363698e+00
-1.721706744851634330e+00,-3.291024810102118892e+00,-2.048735611067764584e+00,-4.890042391078154083e+00,2.692335289070122428e-01,1.976332714416404457e+00,-3.560279618492376841e+00,4.236564948540955555e+00,1.256596515994413465e+00,-1.550132508611002713e+00,4.948815315543297899e+00,4.570907176845061315e+00,-4.717957395308295609e+00,2.537569990340569959e+00,2.257307145042943830e+00,3.199591620553551508e+00,1.685859215851252202e+00,-1.079834229533951362e+00,4.320037205020259563e-01,-4.229737854169944633e+00,1.143515890243950395e+00,2.347322549216698917e+00,-2.300002932241115516e+00,1.134235929754767724e+00,-1.593544502977994881e-02,1.899252638485780409e+00,6.800516922769226369e-01,-1.304930168576232674e-01,-5.857243560698996987e-01,-3.047437026293255080e+00,1.749918920334004646e+00,2.951408950527446784e+00,4.537883025647250435e+00,-6.912171359114172020e-02,2.589030361222501853e+00,1.384736000093720776e+00,-3.603484864901677298e+00,3.699791740684107211e+00,-3.195900227281769368e+00,1.687434804695988610e+00,-3.025651622326286372e-01,2.494178400829403230e-01,-4.584251599442534797e+00,3.325237765242185617e+00,3.578429630818810381e+00,2.810967944069092894e+00,-1.652222617969557383e+00,-4.685291351686764472e-01,2.727308316033269620e+00,2.029110632813567960e+00
4.693371772266527131e+00,2.764709670802206531e+00,-1.767599707703435552e+00,-1.206458702452237741e+00,1.011081286825739056e-01,-3.028983373223994580e+00,-4.170686385240522931e+00,-4.560181435295215024e+00,-6.075472373933532566e-01,-2.748282869437944420e+00,-3.096488939926928197e+00,-3.105089258999894852e+00,1.166795104832653251e+00,3.761842813300578570e+00,-1.608758894734899414e+00,-5.354480409437538668e-01,-7.756177721492987231e-01,-1.935189537994430609e+00,-3.370258885219281630e+00,3.896390085931145109e+00,4.511339740810853982e+00,-4.902557405459329054e+00,7.553828927889272293e-01,-3.891383823542948761e-01,-1.469168957824299682e+00,2.849594630782549487e+00,-2.464461792480616698e+00,2.868267684668198925e+00,4.660694273776659458e+00,4.894527838107768147e+00,4.687582658521519008e+00,-1.497207473128195687e+00,-3.077454895436326776e+00,3.872085653644470327e+00,2.736668619409287295e+00,-3.451229408467502147e+00,-1.896827722025555829e+00,2.677405847927571969e+00,1.204725006887618299e+00,1.446284783771201177e+00,2.336307930690079360e+00,1.023069967823890813e+00,3.971587954276580845e-01,-3.342367359530422632e+00,-4.457406016570605090e+00,4.372373078132058666e+00,-4.728681734623560118e+00,-2.526199744174524309e+00,-1.929977688253539103e+00,1.153234846626283172e-02
5.879293273945140896e-01,-1.240624258132050350e+00,-2.818132480369015536e+00,1.310855567587156045e+00,7.793705306926970167e-01,3.910487051529305091e+00,1.452319661816131813e+00,5.267726581977507649e-01,-3.473282650151869877e+00,3.566930030589098521e+00,-3.370735352366809323e+00,-3.150580817329141858e+00,-3.649002724694321298e+00,-3.158886107147318434e+00,-1.476650634546572416e+00,4.077869079400054275e+00,-6.892717794903733264e-01,-5.640963731959312000e-01,3.516150765528587741e+00,1.444960756342116071e+00,-3.369221394116373780e+00,2.335730092813097514e-01,-1.474645149973946801e+00,-2.169456801491769227e-01,-7.346328207326644488e-01,2.568668166690503796e+00,4.134211336496404599e+00,-3.579762125173217235e+00,2.376160418326422885e-01,-2.716247233255948412e+00,-3.867452937417821257e+00,7.762692717749439808e-01,-1.403926576021347294e+00,-3.224661349145826250e+00,-3.460643895012202265e+00,-4.463841005662789740e-01,-9.402139930914685806e-01,-7.476287721640293427e-01,4.071009494448027510e+00,-3.804972787087246289e+00,-3.996195109601852202e+00,-2.443540415351542983e+00,1.569205656339454080e+00,4.927889256816850860e+00,8.496253534087570003e-01,3.948886777375552271e+00,1.875103316666072217e+00,3.283628987037456426e+00,-1.075361263229078546e+00,-6.979577078822964964e-01
4.270326199959130875e+00,7.661514368625983451e-01,-4.289535159969544154e+00,-3.913477051317122424e+00,6.078677129719158856e-01,3.889797728443118885e+00,-2.823011587286796686e+00,1.206260367477620221e+00,-2.020710567594925511e+00,3.259909455100387987e+00,8.098505668585831430e-01,6.776195689692681157e-01,1.050229193117369952e+00,-2.772323969000826338e+00,-4.970572121209832162e+00,3.176284645091357106e+00,1.140511629987814857e-01,-3.019845479286273893e+00,2.973162960224051687e+00,-1.640006517156082921e+00,1.868689086004482469e+00,3.182639209931981128e+00,-4.706075855070185554e+00,-2.238167753246705693e+00,-2.801920510177351442e+00,-3.319800761880235207e+00,-3.851637576534506557e+00,3.835701062296665853e+00,3.663816111723667390e+00,-8.616194460448696191e-01,2.486981485228481503e+00,-4.017727019366508223e+00,3.924343536167967272e+00,1.945584698875970631e-01,3.470464799549855428e+00,-3.321144920946554002e+00,-3.200732419605685219e+00,-2.320069912478808227e+00,-1.844284038847507912e+00,-3.666070340928818894e+00,-1.730516280860615375e+00,1.529292210632728910e-01,1.206263893475792770e+00,-1.559668711483389814e+00,-3.161403832370268674e+00,4.978514867571009361e+00,2.376032357834812814e+00,-2.106298151944948849e+00,-5.133511403744419610e-01,3.202760398143688292e+00
-1.237899948900165192e+00,1.266114971116305554e+00,3.474650739859230342e+00,-2.168149654954408589e+00,-1.939932340051671922e+00,-8.398184435252344926e-01,1.035648676577455518e+00,-4.619526326091807356e+00,4.724015169168435335e+00,-6.535834616131523944e-01,-4.962468664963701315e+00,-1.654958469596076398e+00,1.113991133377012943e+00,1.491028174246481264e+00,-2.942432355311322745e+00,3.851140141848750531e+00,-2.092133680329251177e+00,-4.830985167098446276e+00,1.530279028798532615e+00,-4.517760891559607472e+00,-1.632286505050703163e+00,4.209259163790358471e+00,-1.622768241134469047e+00,1.041911841087936885e+00,-3.443835703005117210e+00,-1.143616995801828295e+00,2.896603077604542165e+00,-3.353837058310460417e+00,-7.517908128047414706e-01,3.556570286173313278e+00,-4.729472451897670737e+00,-4.141345150785090468e+00,-7.591582492962123396e-01,-4.422457636382929991e+00,-4.692298544538964222e-02,1.126760430372355515e-01,-4.805187083380204172e+00,2.767808748338332236e+00,1.954934529130341048e+00,3.553193828210742922e+00,4.611438308584343559e+00,-3.597295771153424582e+00,1.092504237151404212e+00,3.987736683618473776e+00,-4.669363038568238089e+00,1.848185576219961490e+00,3.519786913158831965e+00,-3.395997548660730558e+00,2.259722553087665453e+00,3.452065239602365665e+00
2.765223091474330097e+00,3.195102038910803799e+00,-1.776381434393334846e+00,-3.494239276377928416e+00,-1.678024968652222171e+00,1.374790197801669223e+00,-2.256330646254834704e+00,-3.138279514456632224e+00,-4.599471791780690211e+00,9.497980776076975218e-01,3.631483174648865386e+00,-5.702709433314403498e-01,-5.824328604769757334e-02,4.053708636223481321e+00,1.644427704993740136e+00,2.219676937739776257e+00,3.077022214201569739e+00,-1.198534883872302004e-01,-2.905076450457804160e+00,-3.038440942646152276e+00,9.113104189375249575e-01,-2.307641871168897296e-01,-1.140059603673608812e+00,4.198889390191947513e+00,-2.875712045807981010e+00,-4.563962657863718242e+00,1.145816252414691760e+00,4.835697920610712686e+00,3.054014595502707152e+00,-4.343665019306300223e+00,-2.575461435281747313e-01,1.947581798096416072e+00,-2.404870434716200656e+00,-2.012248132966495184e+00,1.341887767009827037e+00,-3.282306589440055156e+00,2.748279403595584647e+00,-2.155722303876332013e+00,1.502030957781045117e+00,-2.025498612022111011e+00,1.287866760296944690e+00,-1.622486430922029932e+00,1.099282416830437370e+00,3.175606648997574055e+00,3.898717145635153258e+00,1.905437395261905031e+00,-1.351277183647909830e+00,7.042462548501315922e-01,3.110977028932698119e+00,-4.926766288325552523e+00
-3.939923280123227567e+00,2.278024663205684419e+00,1.883260201877249074e+00,-8.731864664468176329e-01,-6.550031553310784460e-01,1.208402239462876615e+00,2.350607910540390755e+00,1.220749586889149363e+00,1.532597323228774400e+00,4.908963570807664212e+00,-3.790530186378414435e+00,4.944433139297238711e+00,4.314010080423571480e-01,-2.277657335747511613e+00,3.344938650131094704e+00,3.212273396716502916e+00,4.208005559715113364e-01,1.954575663653580264e+00,-2.509909710375976211e+00,-4.996434314860971782e+00,-1.803160018648151119e+00,-3.805086037693445888e+00,1.077431783200216486e+00,-1.496732307137466300e+00,-1.128048980050666561e+00,1.622788472309305341e+00,-3.545920101073174457e+00,-9.389992352673157683e-01,9.003802362986803587e-01,6.747615457061879596e-01,-2.419983548735341827e+00,2.019347007470674527e+00,3.487602086364612219e+00,-4.036704579241301438e+00,3.922614814456645504e+00,3.038876711876305592e+00,-4.252881051052488814e+00,2.914993427798902026e+00,-1.432572104287621606e+00,-4.875789532362622580e+00,4.124418023937909794e+00,-3.341231853379877936e+00,-2.741275517169405873e+00,2.104780973292132096e+00,-3.643820602271533815e+00,1.146932104322178070e+00,-3.996998086999055122e+00,3.920032985373772760e+00,-8.072288609313007512e-01,-4.253137769521908140e+00
4.917363985114425518e+00,2.202298536668481077e+00,1.261364576405730631e+00,1.742638857850957734e+00,-1.971777446623350638e+00,-1.196701380612059662e+00,-3.494098852813847245e+00,-3.057950557692209692e+00,-2.048803491429334933e+00,-1.937435976056001152e+00,-3.416469135964692594e+00,3.600247404936272488e+00,-5.017821951626721955e-01,-4.040853915363750382e+00,-1.128883479203466322e-01,4.078380550307038277e+00,-3.517961032761348861e+00,-9.258767525723055059e-02,-1.597336311911648821e+00,-4.937327864468201710e+00,-4.770126312715181172e+00,3.420691095758360945e+00,6.050059898260675695e-01,-4.096344469402888322e-01,-3.682134187228617073e+00,2.564437755102626504e+00,3.745189928667491230e+00,9.252230862235606423e-01,-7.022179238246897270e-01,3.076430152049915989e-01,-4.327521643556409003e-01,3.675104624435993728e+00,2.211823278316163766e+00,-2.874058243233220900e+00,-1.866499745417299572e+00,3.038899392737626215e+00,4.937610916460522859e+00,4.898826575070305722e+00,-4.750691582184911610e+00,3.777347447328548213e+00,1.414965989336479879e+00,1.895535091362367197e+00,-2.044752390706262801e+00,4.519290494948080550e+00,-2.675975216979940896e+00,-3.259218101415651603e+00,-5.275364143827543373e-01,3.213212575446968700e-01,-4.074009012925296602e+00,3.431443392628040101e+00
-3.503529407081042990e+00,-2.656123844380767984e+00,-3.345945523295657864e+00,-4.489300908295639658e+00,3.304949134249675069e+00,3.066654219827940508e+00,2.434231456819185624e+00,1.471355749300747640e+00,-1.009560811053240581e+00,-4.429651542953737753e+00,4.595733885238951544e+00,2.256240233023959263e+00,-4.463530587779477088e+00,-4.412178739680092221e+00,-1.042921027877686591e+00,4.824032342769671189e+00,2.137389794855786285e+00,4.760458709599848959e+00,-8.352562428049949972e-01,1.330846408372089229e+00,-4.029268644393486198e+00,-2.732068651152915528e+00,-2.273232173604382567e+00,4.228606107347976817e+00,1.831395637705908186e+00,9.956492576033788566e-01,-3.975941217515064352e-01,-3.219425794844614774e+00,-3.652976715850576817e+00,-4.649043820183230480e+00,-2.779249952296076742e+00,-2.685532491523979992e+00,6.698262728044124259e-01,4.666334028221239549e-01,1.471947029703733811e+00,-2.639602584718346634e+00,-2.736463217054075692e+00,2.705808014923729132e+00,-4.519277794389759961e+00,2.517537652858886865e+00,-3.812088276816677279e+00,-8.019322098469103821e-01,-3.631762789884707132e-01,2.967088501639371323e+00,-3.896885237734204477e+00,-4.463237481493413483e+00,3.321356774454786276e+00,-8.581748316346802241e-01,5.445923277006547991e-01,4.402279159094890204e+00
-3.031672285900658181e+00,-1.741134729681657944e+00,-1.895146136647998247e-01,1.129522534222301644e+00,-4.032715004627709376e+00,3.391891296584558901e+00,2.591661339636265105e+00,-2.450766649673179476e+00,-1.122857981111415882e+00,1.383301523884226114e+00,9.891401152120948836e-03,-5.667171432775877093e-01,3.346845482097668523e+00,-3.862227864734109062e+00,3.080444397006443680e+00,3.136233146862167587e+00,-2.117247174510464625e+00,2.577473829424055118e+00,-2.294216830020040732e+00,3.984297778643105303e+00,-1.819311006310779799e+00,4.348365959515041013e+00,-1.775290473350906950e+00,3.442848587192766985e+00,-1.012962396348306093e+00,2.969102948212968052e+00,-1.319111937065575724e+00,-2.716421050628868628e+00,-3.333164198467622796e+00,-3.751107195787341198e+00,1.671629666444869322e+00,2.471178485488616516e+00,3.520784107939258334e+00,-1.624950900520705233e+00,-6.951434660823254674e-01,-3.008742371747272770e+00,-3.320307061408200866e+00,-4.991534037472384000e+00,-1.268543622935878190e+00,2.460328063411143518e-02,-1.055393508699103755e+00,-4.909841409474956286e+00,4.737981815377912298e+00,-4.523293469432721814e+00,3.064241595206759428e+00,3.873933419409931744e+00,-1.805481870391607568e+00,-3.356956185535907800e+00,1.196181015747464826e+00,3.050848838965276144e+00
3.405266566181557764e+00,-2.403910232417415749e+00,-6.602384128894804860e-01,-4.510916336695430573e+00,2.998685586496834254e+00,-4.882493117995237775e+00,-3.767212693855037653e+00,4.983919130199641501e+00,-3.754609035494878011e+00,7.131971076795275977e-01,-4.364661796600152854e+00,-1.860766340039242905e+00,1.473752962004332367e+00,-4.363853625608406617e+00,-4.713931759450486148e+00,3.652368578610641237e+00,-1.463410029044688088e+00,-1.607458744361990099e+00,-3.917579203926202513e+00,-4.436728173052722823e+00,1.426242172538518815e-01,-4.283418260615484918e+00,8.093215300886935637e-02,-2.744474001988959078e+00,2.210737025705804548e+00,-7.569315356894970037e-01,2.123228726137974753e+00,1.361711538885080230e+00,5.561394256220806298e-01,3.344480189457824437e+00,-6.424259245788181971e-01,-4.653057973722129148e+00,1.280173782417182160e+00,4.327812455149746995e+00,-5.324704580059531622e-01,1.066741453179760768e+00,-3.544438175476178898e+00,1.034912778468385142e+00,-1.445738704109636785e+00,1.892858444682219421e+00,-9.501643583563019746e-01,-3.642136463765228704e+00,1.526947439270411877e-01,3.897741494760687431e+00,-4.186269404468151656e+00,3.465461533973826391e+00,1.958622094084922161e+00,7.002395678500628051e-01,1.238778801797355555e+00,-4.315950188165503576e+00
-3.983051837550583230e+00,5.358869001651731523e-01,1.792789031853888382e+00,3.974832577802388300e+00,-4.903845180194038811e+00,-1.640742670174785367e+00,-1.375742116052514064e-01,1.962594711624225496e+00,5.276889894267249304e-01,-4.791217305185965003e+00,4.346287496129320971e+00,-4.526933721768461538e+00,-3.803678237999038814e+00,2.356245674404275903e-01,-3.265261924137345950e+00,2.096555423068739543e+00,-5.349874751914596160e-01,2.254136297227033126e+00,4.191698018472738596e+00,1.593076978854051085e+00,4.841533933844266002e+00,4.566745338316401615e+00,-4.268327072668480326e+00,-1.027761688711473553e+00,1.588021921134555647e+00,-2.665426954605298882e+00,-2.494810536942051460e+00,-2.102052618922030103e+00,1.790224945162873560e+00,-2.227291771768424855e+00,2.901170895213636136e+00,2.767818115924437272e+00,-2.641492523806763248e+00,1.863945092785398217e+00,3.771028117770505617e+00,2.512010495415166744e+00,-1.088412037163737356e+00,4.632938077221158579e+00,2.630264844401326130e+00,-3.845959073248610416e+00,1.074371758672368671e+00,1.894585104480860593e+00,3.954920143780084274e+00,-4.741688392320737577e+00,8.120190597826004719e-01,3.005579630953702619e+00,2.281540174793329712e+00,3.117348992415166720e+00,-1.716461149813955700e+00,-2.420576799896914100e+00
2.148660788448744974e+00,-2.263839554496093420e+00,-2.434099536472364100e+00,-3.905533725158773173e+00,3.506697923066058209e+00,-2.439781239794218681e+00,2.457267344603963899e+00,-7.194788993208254269e-01,-4.569958558785177871e+00,-2.216370770802029710e+00,-6.261418266028577762e-01,1.350284559918303984e+00,1.672179040399210947e+00,-1.504376808110436059e+00,-1.412201218205879627e-01,2.800190826953482315e+00,-3.982560197191221896e+00,-4.830429299519542141e+00,-4.711497987091486372e+00,-5.677710429073190568e-01,-1.143558267199593637e+00,-3.101148838724244960e+00,1.128409966202439385e+00,-9.028929607696163373e-01,2.577763383320370139e+00,3.624557086037832221e+00,4.545818639018969876e+00,-4.604514900424948820e+00,-1.834824393390043440e+00,-4.336050304414681200e+00,-1.695884111070436795e+00,-7.341951438493286020e-01,9.733574798284223561e-01,-1.828757624689636430e-02,4.805085365424007549e+00,6.239418203081505965e-01,-1.166494076905807198e+00,4.357615637932262587e+00,2.922470436001178840e-01,-2.038945456727759620e+00,2.288347797572458653e+00,-7.781158418081126626e-01,-2.574902084429200322e+00,-2.758219628093012687e+00,1.347459725882008463e+00,7.199911527446989368e-01,6.571618768350475648e-01,4.589739087488148073e+00,-2.104079538403524907e-03,-4.658651798835547808e+00
-4.236561977911001087e+00,-6.048819521552974976e-01,3.753595809138106532e+00,-1.260894914787167309e+00,1.839871777596754576e+00,6.501678586628321099e-01,-9.875366824688933676e-01,2.135742046732397093e+00,-3.819796015797413347e+00,-4.602894134680219906e-01,-3.316705315151734723e+00,-4.863980025134702956e+00,5.601666093467114749e-01,-4.253919395413604754e+00,2.627784875646764107e+00,1.303327811405168291e-01,-5.763819345520451165e-01,4.165391753534755992e+00,-3.050565359883841143e+00,1.676350374442769464e+00,-1.802874442467707006e+00,-4.479075041447369010e+00,-3.047434138561203376e+00,-1.293577743332145147e+00,4.840282728096736875e+00,4.245730770486524364e-01,-4.548161870410963203e+00,5.059252561703999618e-01,4.272795571249156765e+00,-5.091344460318039111e-01,1.647070548718594374e+00,1.136987091610272671e+00,-1.349822454909113123e+00,4.231286635852713474e-01,1.807298375787130595e+00,-4.422325540837128699e-01,2.959275727629949060e+00,-3.833264839076818475e+00,-2.004033877257934471e+00,-1.253586437870831460e+00,1.027152523081231728e+00,-2.342197715087532828e-01,-8.201620410441066156e-01,1.126047259118587718e-01,8.520683868584022491e-01,3.669874036675068396e+00,-2.100614873499341506e+00,3.306721427453624074e+00,-2.618139370528136389e+00,-4.807843458894883959e+00
4.511311973369647177e-01,-2.594147632980635443e+00,-6.049595055166481217e-01,-3.628589712837881009e+00,4.841415002116383093e+00,4.797530831991016598e+00,-2.812630588424790190e+00,-2.237454334752990714e+00,1.530511182260304359e+00,-1.206575664563285244e+00,-3.340057713579088983e+00,1.255789722158232813e+00,1.033184127599002800e+00,1.876360121290527871e+00,-6.422681410816464265e-01,3.830702825677871459e+00,-1.827148494693133784e+00,2.238517281965269667e+00,4.953275092548437897e+00,-2.817744839270007517e+00,-1.878675665522255844e+00,4.184644796574001901e-01,-1.034557759617340533e+00,3.036863757228056571e+00,4.620611146735120300e+00,-3.137938117547693917e+00,8.193920103294232149e-01,-1.530478036953146770e+00,4.420228222387933670e+00,-3.840457952515023976e+00,4.127613354195245776e+00,-4.227788081372491291e+00,-2.075597562769899707e+00,-1.740820678307178682e+00,-3.112149910752128878e+00,4.251794791024748221e+00,-4.883680175259382139e+00,-3.242388987015866419e+00,-2.348147021365672771e+00,1.432394252232739085e+00,4.633325542626185012e+00,1.134553909445972231e+00,-1.575284639073260884e+00,2.807963735598626442e+00,-4.122141098964152484e+00,3.354770670443201652e+00,3.283137911718567281e+00,2.011238878347356263e+00,-4.980746645438892450e+00,-4.213233530520938075e+00
-4.888997814615678728e+00,-1.280789633708797837e+00,-3.740225207847558409e-03,3.398261760315893554e+00,-1.740049606149645101e+00,-2.144954024695814532e+00,-2.106439966152025001e+00,1.467270217575001645e+00,2.274349877722111835e+00,-4.361975876691994713e+00,4.334841635324027109e+00,4.644351782601811252e+00,5.470739998708138430e-01,2.961601388091303910e+00,1.853352610702696524e+00,-3.813228967552443116e+00,-2.128911487319378182e+00,-2.609053481229160809e+00,1.182066080751807746e+00,4.592682585501155046e+00,-1.343504486163840106e+00,1.997381947716844408e+00,4.995517245903865700e+00,1.463890382464045459e+00,-2.809147314138319196e+00,-5.550282464508606850e-01,3.918292027330709359e+00,-1.793889053636489095e+00,-7.153576264278598273e-01,2.062101211521076394e+00,-4.489704610860521861e+00,-3.259434678450914280e+00,-6.861958989639971307e-01,1.183417128922625849e-01,2.693507765024033773e+00,-1.647337567681979031e+00,3.074363639527845748e+00,2.674889542639955486e+00,2.760725872601561548e+00,-2.049990942964614593e+00,4.180101354214336595e+00,2.551662448503427605e+00,6.708519580243432756e-03,6.066866772262402563e-01,-1.580816713185049238e-01,4.216759713604538717e-01,1.187142043595788010e+00,-2.161329928602526707e+00,-1.325892276262219394e+00,1.545913488013960446e+00
-3.337363305440042893e+00,-3.439574608667959943e+00,1.248359275300108706e+00,-2.571144910661055327e+00,-3.918649755593953898e+00,3.876004814356230455e+00,2.089323724584533082e-01,-2.485864095617833502e+00,4.993630066649949129e+00,4.787782337873991878e+00,-3.335350968931451998e+00,-3.685768366347750291e+00,-4.108682187365799265e+00,4.374221992555808569e+00,-5.630087623876427472e-01,-4.641554406691322576e+00,2.801934664768172212e+00,9.603958934019987126e-01,-1.269465335651508653e+00,-3.500687801464520632e+00,-1.090071071553870841e+00,3.422434477410558173e+00,-2.153418470070388224e+00,-1.392256124919032167e+00,-1.218403117547580905e+00,4.437936089232543679e-01,3.105322251059472904e+00,6.898361899822695875e-01,3.938149266442263041e+00,-2.673089578933396382e+00,1.269050712395609182e+00,-4.955277243152302447e+00,1.593092317027173799e+00,1.193057969714378608e+00,2.612641836649874705e+00,3.122261851986428027e+00,2.355850784526602126e+00,-3.948689827665744723e+00,1.262132139334937619e+00,-4.563101326223987897e+00,1.658462368908101503e+00,4.880788295763784035e+00,4.460158626736953735e+00,2.394924401367943823e+00,4.305769266637595294e+00,1.722114640629658133e+00,-3.357885172487780956e+00,2.820496454809569897e+00,-2.613291144258549359e+00,2.702847757998513067e+00
-1.300309935664184735e+00,-3.434211786478590156e+00,-6.430325510199654815e-01,4.850234998368783579e+00,-3.479911721698182525e+00,3.522421629965508671e+00,1.975645545622111143e+00,-1.910931727191819363e+00,1.589546383854795408e+00,3.672944553921222877e+00,-1.253631975677000021e+00,-4.503733986624438579e+00,4.422484124622325652e-01,-1.902937968233515686e+00,1.988858428392221711e+00,2.527565739353802243e+00,-4.519982722127524610e-01,3.069267302408855258e+00,4.051498936539262630e+00,-4.371094597423041961e-01,-1.660399255705851118e-01,-3.466294486707373057e+00,-4.438477097077774047e+00,2.980931603928479667e+00,-2.311110026338067946e+00,-4.639518574947207874e+00,2.570629974624409897e-01,-2.184412569075213639e+00,-2.886014500609993760e+00,-6.105627311324637319e-01,-1.409728627221522590e+00,8.497995708793348868e-01,-2.005146726618125541e-01,-2.344892838541388969e+00,2.886873003226066992e+00,-3.168256831888699665e+00,-2.063836656584676632e-01,-2.752517027901327573e+00,-2.516403069605973819e+00,4.997670536883823900e+00,2.730419158121315526e+00,6.922348314835602423e-01,4.968489962713908525e+00,2.823049616674283335e+00,7.771296298556737980e-01,1.268313514538660591e+00,-3.276830725774461328e+00,-4.792968126218216440e+00,-3.455084376346860608e+00,-1.055217151865823766e+00
2.768761370209333883e+00,4.805478401073131067e+00,3.858060483712566935e+00,3.245105108456522558e+00,-4.397524297393698767e+00,3.053349908767691190e+00,1.773921081558411217e+00,4.837551552531685672e+00,-3.133127247539833959e+00,-9.699902256582468851e-01,-9.839707816900409298e-01,-1.155616788524159944e+00,7.718048363555451985e-01,-3.684189360623906229e+00,1.032730597932118854e+00,4.852142304197725409e+00,-4.309042963654388103e-01,4.784305923350228085e+00,1.875890602125416251e-01,4.019575162295421222e-01,-1.270162220967538946e+00,2.491116181887946368e+00,-4.552543215738924509e+00,-3.661397546365155797e+00,-5.292443830610293887e-01,-3.715782963234399716e-01,4.492477682574014253e-01,1.266521952387163807e+00,3.234603434344755613e+00,2.213380625265953583e+00,-2.121816087680674645e+00,-4.308509450452424616e+00,3.566176023559332720e+00,-4.332559862867223721e+00,-1.009221618255629060e+00,3.588499418945211517e+00,-2.634299500504399205e+00,9.507653692378861265e-01,-8.168123637799329373e-01,7.829783010964241896e-02,2.232795975422011026e+00,4.450400067169551832e+00,3.580538249044312948e+00,4.790081162383856395e+00,-3.572836062228859078e-01,4.305445364803093256e-01,-4.083904778700397031e+00,2.692606149561308726e+00,2.658946548397199905e+00,-1.862610070723845546e+00
2.496672333894995433e+00,-3.070873120966627567e+00,-9.228042158642235648e-02,2.812109430266831467e+00,1.279047680352704219e+00,-3.771466141886751444e+00,4.263552981026412780e+00,3.356694858845109763e+00,5.350979584805166667e-01,-2.283512859444105647e+00,1.290179557528943199e+00,4.077889793159977572e+00,-1.614353423781654584e+00,-3.995662190169388950e-01,-1.242010431491179290e+00,-4.404058963424893669e+00,-4.718741815558148645e+00,4.965676932274206479e+00,1.168518920979527920e+00,1.373953575140184569e+00,1.080516978222107127e+00,4.465286670691883231e+00,-4.015179947481438916e+00,-1.086396556332057450e+00,1.515387086361435820e+00,-4.242107896546263746e+00,-3.579772950884079208e+00,-1.322973412255739056e+00,-2.881284109828365914e+00,4.252402525689765511e+00,4.636133256727514862e+00,4.112968280121183540e+00,-2.235847044481011903e+00,-4.047451695382257242e+00,-1.435707481819176401e+00,-4.418769627816915069e+00,2.881248746145283590e+00,-4.327059481280024045e+00,5.832866436181118885e-01,-4.179608047798505588e+00,3.680269493901029421e-01,-1.828696164444339800e+00,-4.062394888316195107e+00,3.311792002286985337e+00,9.405635768979152544e-01,2.407451581011543773e+00,-1.349530394303488645e+00,-3.327736431896734182e+00,6.486287882921182302e-02,4.667601638847980183e+00
1.671102532906949989e+00,4.754973762728811337e-01,-2.569720604803968023e+00,2.713107223160551307e+00,-3.683886794741486614e+00,-3.156206161821462075e-01,-2.653969811299383696e+00,3.691369787801637159e+00,-4.268904757578227738e+00,2.123346140003681271e-01,3.585721309777463617e+00,3.919873245380721016e+00,-5.593686164416702411e-01,-7.617559484522473667e-03,4.069954803023794199e+00,6.759425075443781239e-01,8.758378569576290573e-01,-3.557830447717523548e+00,-1.379929081300215188e-01,2.247332812443708860e+00,-9.060787182264196105e-02,-3.350218225419451024e+00,-1.711380270868741782e+00,2.864054661709245053e+00,2.292563734948273257e+00,1.290633373843062870e+00,1.823265754286205187e+00,4.319595510896373725e+00,-7.224165267063415996e-01,-2.490930378855217064e+00,-3.242746840337500380e+00,-4.211881887856935514e+00,1.134097869234629741e+00,7.380884625373536068e-01,-3.558656956115597847e+00,1.854956954431895788e+00,-2.521740154218379271e+00,-2.610858876858234368e+00,2.387725364107615711e+00,-4.234343323197222730e-01,1.797172603844043870e+00,1.102981450589175516e+00,-3.656360338812810973e+00,-2.533985580652231562e-01,-4.578143568044438894e+00,4.243943206248131261e+00,3.620513804817893089e-01,-4.374721311982193939e+00,1.262452264114890532e+00,-2.770503778960566876e-01
4.667755706582122244e+00,1.246391942940960007e+00,-3.738733285745724721e+00,1.695429457094635772e+00,3.525832596050126000e+00,3.329349729408011882e+00,2.263540451225908079e+00,-1.604497492562116712e+00,1.656293243467880316e+00,-2.067129274031280772e+00,-3.144478257891460959e+00,2.804220803576809473e+00,4.588079191896611064e+00,1.287934375390146435e+00,-3.015853742905575174e+00,2.113835487228259424e+00,-3.353193685021361503e+00,-2.057719015126593387e+00,-2.163241759484413329e+00,-1.140553830704937877e+00,1.367773561275003935e+00,-2.739456917145188797e-01,1.413862745179971014e+00,1.901285595829586228e+00,4.243405109066253900e-01,2.089443124747188740e+00,-8.383150244632711079e-01,-4.638775466114441137e+00,-4.208545702453278636e+00,-3.392641715719269868e+00,2.143465297812262804e+00,7.116992291563386530e-01,3.316979610386001198e+00,2.714367759267473090e+00,-3.407594474139346907e+00,3.699364422178355483e+00,-4.181164435728942586e+00,3.285074898385142106e+00,-4.799171675025966088e+00,-2.178918126190265703e+00,-4.481651559910650562e+00,-2.770121768252016281e+00,-2.981670313777819104e+00,4.575587711668077873e+00,2.117813952865470029e+00,2.796010716628357429e+00,-3.405026380609375014e+00,-2.114050481389392111e+00,3.709522027606716676e+00,-3.395127544151392840e-01
1.741354827727156440e+00,4.895956416945416834e+00,4.753667785220619280e+00,1.963457073655112239e+00,1.884058793196622617e+00,2.727618043532274328e+00,2.122694228010572282e+00,-2.153630795245344842e+00,1.350948073482598488e+00,3.042949564643087967e+00,2.753778945174975235e+00,-2.432475315642509628e+00,-2.956528887303127018e+00,3.117256621802788175e+00,1.498569005957101297e+00,-4.899003993747992780e+00,9.606930746989679193e-01,4.411492064208898611e+00,-4.852092287193032760e+00,8.323711629717589489e-02,-1.179703060151746641e+00,9.249112394869136722e-01,-1.472986127264674039e+00,-1.975527791987561343e-01,3.757257910275175306e+00,1.458153959944095135e+00,4.893515180935004594e+00,1.426930007799241729e+00,-2.897097409384140398e+00,-4.344693761259548204e+00,3.675835374459930804e+00,8.770957526528331272e-01,-2.936083305903713914e+00,-1.168896521168347746e+00,2.321922090347769974e+00,-1.649296707039265009e+00,-1.230992073065886316e-01,3.600269189879456988e-01,-1.740792575086124394e+00,-1.997465818908497059e+00,1.859608395213331100e+00,1.067305490999748585e+00,-2.695917973627330877e+00,-1.435028233807993381e+00,-5.889493344235656735e-01,-3.209748487300680075e+00,-3.194883088017039796e+00,-2.185698159321058043e+00,2.678049191371258075e+00,9.204837473093743228e-01
4.534613006550248571e+00,3.196112589152459549e+00,4.253866372544475638e+00,1.964649280988355784e+00,6.845350666125593619e-01,2.414244246105123892e+00,-4.134133447111026705e+00,4.939655151869290606e+00,3.714786018136662094e-01,-2.840326492970817185e+00,4.462374036465664773e+00,4.532675587778825843e+00,1.981588751706865992e+00,-2.488121811703927211e+00,-9.676003234036283374e-01,4.842668328176012338e+00,3.938587533278258945e+00,-7.707518335216478889e-01,-1.604232554069615624e+00,-5.409189313913973507e-01,2.990314702055015594e+00,-3.487166126064698002e+00,4.790862204337507535e+00,3.911803802929139096e-01,4.984850616675416290e+00,-1.868498547375417651e+00,1.447184983740397612e+00,5.291311998711591968e-01,-2.597847824868000366e+00,4.557856611785977563e+00,3.441885442433346043e+00,-4.457910536218202324e+00,4.036573378569023873e-01,-1.742280908522255700e+00,-2.357169359532228725e+00,-4.596802569641838865e+00,-1.397586431371620197e+00,4.816697576922093660e+00,3.134786847667573539e+00,-3.463045930259557537e+00,4.460858428148441135e+00,1.881274058293831430e+00,-1.260105503739135102e+00,-4.325775609479776129e+00,1.666633891209641227e+00,4.108288928926825179e+00,-4.860471027051969095e+00,-2.158292359215725487e+00,-4.766315546699701144e+00,2.145255790071171731e+00
1.366712376135933660e+00,-1.562985290422795881e+00,-2.470404349724249826e+00,-4.762213360806849316e+00,1.748387246956686347e+00,4.040279963739674685e+00,-4.150869202497307064e+00,1.177389516485961352e+00,1.696057738823508743e-01,2.712180178297778355e-01,3.049834845368126324e+00,1.328236245481519973e+00,2.615970277482482231e+00,-1.022685446949280763e+00,-2.840510280059010739e+00,1.506089698935896060e+00,1.484660792250044992e+00,-3.245745570006097758e+00,-1.819049440188020839e+00,9.846685139954054478e-01,-4.186351447504499390e-01,1.338662073291448706e+00,4.422768495903937946e+00,-1.020781601365906788e+00,3.488388865689220353e+00,2.395209447869235397e+00,5.142457023785071968e-01,3.231123258165702339e+00,1.552020217290447590e+00,4.618320464498030020e+00,-3.684755057399962119e+00,-1.607009452510857805e+00,-5.542489908536873955e-01,3.937796098729062777e-01,6.572849656570491916e-01,-3.341299373385295812e+00,-3.738248492416963664e+00,-2.725477920502746620e+00,4.076179933241181885e-01,1.156851037770950441e+00,4.786714053405471958e+00,-2.140766797866733295e+00,2.581911639501322853e+00,-1.163869138957309701e-01,-9.980544855797068848e-01,-1.905950217253336021e+00,-1.485591388691710257e+00,-1.768223442361775977e+00,9.506996790809294495e-01,1.760510483677343530e+00
-2.130307862395570684e+00,-2.322588983285085451e+00,-3.218547914323777182e+00,2.518505325184162480e+00,4.553801399826076235e-01,4.366205609032483892e+00,-3.518875169176038042e+00,-4.492052250440328187e+00,2.639035920264745094e+00,3.124296455441337272e+00,-3.511379278838206996e+00,1.335391470950285431e+00,-1.794673419660087532e+00,-3.569558980840428219e-01,3.544907877040856192e+00,-2.952767068171127107e-01,4.235557578710945847e+00,-4.340608872626757986e+00,-1.020063949574634421e+00,1.092560946717355819e+00,-3.523629994881546601e+00,-3.169829252568790778e+00,2.122552204081919136e+00,-1.877927021968416099e+00,2.833989657516269745e+00,-4.015268526290387996e+00,4.928836242590859840e+00,-3.700279401616162200e+00,-3.387360974775925904e+00,-1.769970410331322963e+00,-2.012024908952219082e+00,-8.199809467223397874e-01,2.864863048797249512e+00,4.160751436402371439e+00,7.389434688783014238e-01,-3.647727498366659660e+00,4.250616275830344293e+00,-1.714591601949493338e+00,1.243247466411770752e+00,-9.468585501805364402e-01,4.949808460427444601e+00,-4.835055393573796323e+00,3.868405608107352123e+00,3.643467330698603845e+00,1.628892827675451294e+00,3.895319622300894125e+00,1.171148412690946827e+00,4.992109696079230829e+00,-2.624251292437824734e+00,-3.049234585782910401e+00
-2.031549342085371634e+00,-3.464235308858977014e+00,4.807819183540667396e+00,-1.701842119482593674e+00,3.960598590905936689e+00,1.849600198292692177e+00,3.870437145423199610e+00,4.350081139714820466e+00,2.154095694796001936e+00,7.966772845025040795e-01,3.778532085369922910e+00,3.017816081529328898e+00,-4.930675725284212163e+00,-2.295000872809457526e+00,1.093458073738720060e-01,-4.865208267659896002e+00,-1.422476508788674820e-01,-1.463423127560565806e+00,2.382615809387008454e+00,2.303722450825862467e+00,3.395938921960039991e+00,3.423330985559813300e+00,-1.449085986368391588e+00,-3.325632057089933369e+00,-3.109135090013074532e+00,-4.106826573970218774e+00,8.690250276537945240e-01,2.262574306498617460e+00,-3.677327185675771659e+00,-3.401565021554642243e-02,-3.094335129128968909e+00,-3.479508547861364320e+00,1.776215847112601942e+00,-1.034227377721385288e+00,-1.618412320791588144e+00,2.846799865728975476e+00,4.094312317408309809e+00,-4.256496215862850541e+00,6.350394143932911462e-01,2.044868855549869302e+00,4.784106324139992594e+00,4.823299899789246226e+00,1.943509803982622408e+00,-5.941127144942734972e-01,-2.667074317514556370e+00,-2.926494162356726214e+00,3.098263675473395651e+00,-5.423186630243641559e-01,1.469673157793994989e+00,-4.884786988105416228e+00
1.452233350313619553e+00,3.477945502215462170e+00,4.371597312605764785e+00,1.540309491290011934e+00,-3.214948382611133582e-01,1.438136266403908792e+00,-1.554485988497966709e+00,1.812426721282786701e+00,2.095839520820071300e+00,-3.644787558031695518e+00,1.644099633469782162e+00,-6.844982448575178680e-01,-3.101661075419082092e+00,2.198898639084490014e-02,-1.530183314407664863e+00,9.763937162918203683e-01,3.433231578996839062e+00,-6.042300918117815556e-01,1.519031167585758624e+00,1.654536989789292534e+00,4.066651056459015479e+00,-1.183275974964450583e-01,-3.020693417358303101e+00,-4.369763975480383422e+00,3.452448939841030295e+00,-2.828655242613797860e+00,2.235459763878591133e-01,2.119105443076194639e+00,2.892901366754193404e+00,8.584858841296414411e-01,-1.365469002558750145e+00,1.573014209534884245e+00,2.193699353538480779e-01,1.641062255221030775e+00,-4.628644336804191184e+00,-4.362493789748937978e+00,-4.779143969662172253e+00,-4.976038122197525837e-01,1.343979369768110388e+00,-1.803738822245344320e+00,-4.200740593367344289e+00,1.556391862688556671e+00,-1.164367417787913972e+00,-4.063441351158489034e+00,3.674810736212355877e+00,-4.621634888730664414e+00,-3.114440651359178247e-01,-1.396592148793427413e+00,4.902039149696976850e+00,3.790566813635846799e+00
-2.650303950293706468e+00,2.732935839215306473e+00,1.794012012033197045e+00,4.134371373227255120e+00,4.508523581190747365e+00,2.969601692654579850e-01,-4.682685556862434595e+00,-3.902837302224554605e+00,3.776654635902252366e-01,-2.850721073329773869e+00,1.244879797787583620e+00,2.706161710501683082e+00,-2.734582408680280352e+00,2.674307462174660976e+00,-3.540618901478404190e+00,-4.089759855366725816e-01,2.005854488919719181e+00,2.421008962787235319e+00,-3.316122860970678321e+00,2.967031602069481799e+00,-2.502896499404503317e-01,4.098900349924750941e+00,6.759292047306786344e-01,1.554384341199964936e+00,7.172045091790959503e-01,4.361392692280727346e+00,-3.625111239399459784e+00,3.547329423248504199e+00,-2.896659904577791878e-01,-4.936303839652990355e+00,4.225324237917549297e+00,-4.968630470521018694e+00,3.909982176602435189e+00,-2.239173826572595782e+00,-1.081738633613620326e+00,4.687170256112651145e+00,9.706557142427207907e-01,-2.487291267822795415e+00,3.872472701233812487e+00,-4.627178285742420627e+00,4.022411514501813556e+00,2.214095072975048595e-01,4.304121499124303085e+00,-3.237001330477182748e+00,2.023937749108023709e+00,-1.767058033306014853e+00,-3.834139569468490993e+00,-2.188770494600364103e+00,-9.899219727736774388e-01,-6.012380965641428432e-01
-1.645538950847024395e+00,-2.929387007036853063e+00,-8.520549999630588900e-03,1.126407600017101274e+00,4.136616086608830400e+00,3.747719774183902786e+00,1.536543337830371669e+00,-2.637775675839123757e+00,-2.290531259243357987e+00,2.704438358302993173e+00,-3.050924147467882541e+00,-1.088865060639752969e+00,2.273987095198578778e+00,1.491755113923536769e+00,-2.393582433281712163e+00,4.773527106137825271e+00,1.907199144851220218e+00,-2.302735050746389511e+00,3.454275748270148938e+00,-7.483999494608193359e-01,-4.602831636166825113e+00,-3.818472548082834983e+00,-1.978546592474783594e+00,2.245552177714298381e+00,3.612601736941940089e+00,-3.745677735850123646e+00,-4.131975562731833307e+00,9.169684816460899057e-01,-3.873060861307653369e+00,-3.532402017798603744e+00,4.445632204757021810e-01,-8.707288314799530582e-01,1.592319304019307324e-01,-4.783441483700956454e+00,4.273846694369593635e+00,-2.554841694772994387e+00,-1.270229241878678472e+00,3.420364952414562509e+00,-1.968443413697469335e+00,4.575179369813875851e+00,3.711615707345176318e+00,-4.628570551039779879e+00,2.029181683749676779e+00,-9.348749811851275737e-01,-2.543307201323523614e+00,6.450151852872725300e-01,4.576538658734113696e+00,1.136869878880379048e+00,1.204965966128432875e+00,3.578048422629107606e-01
-1.507672065510730075e+00,4.373060510432228654e+00,-2.595335619407412864e+00,1.433311147373158789e+00,-3.844020398912229020e+00,4.330032617047422150e+00,2.182288652109434679e+00,4.668658635514443489e+00,4.788613168705207812e+00,-2.040731723127086283e+00,4.716681700090482821e+00,-3.599942893717561709e+00,2.144665646149727323e+00,-2.294246741967721270e+00,-2.805600489972019940e+00,2.166670864056388979e+00,3.263607255082181524e-01,-4.421385184375924204e+00,4.411444833241427332e+00,-5.482535720461552131e-01,-4.249975222839445621e+00,9.920313429625249313e-01,3.083875543791178231e+00,-2.662071644301933215e+00,-2.534835363483839643e+00,4.987725801787284752e+00,-3.997150987046937054e+00,3.042923807570696582e-01,4.756419122549772283e+00,-4.815317105236074369e+00,4.383803119664511527e+00,-3.401771144898514621e+00,6.426307640312742819e-01,-1.963513382204652657e+00,3.077219910600113906e+00,4.964571838740193144e+00,1.892525355018635835e+00,-1.227639195107563808e+00,4.096674496414415501e+00,2.664552895555737599e+00,-5.012615853155280021e-01,-1.876873745622251732e+00,4.524530780204683467e+00,3.671626432694544917e+00,-4.328957609617615887e+00,-2.484886317384828125e+00,1.557556294142205644e+00,-3.437288075364709705e+00,-3.467751932273841486e+00,-1.564285497528822511e+00
-3.812796636248546811e+00,-6.046349906055690226e-01,-4.862403971417404769e+00,1.473641798443137141e+00,1.591870245142024132e+00,-2.487633135551119423e+00,6.581852191584793843e-01,4.170906962525112505e+00,4.788622048741004278e+00,4.791586260257297170e+00,-1.249809504117866954e+00,4.863090811680992331e-01,1.396410693098982136e+00,-7.691256220234290453e-01,3.241246435171095897e+00,-3.951645612055891821e+00,-2.671981637737534943e+00,-3.234889165481623863e+00,2.614105750522069727e+00,-3.710154729701341303e+00,1.491442930940230838e+00,4.467973434533433874e+00,1.115912329674264569e-01,1.818440919784139354e+00,1.186497165626569483e+00,-1.805531846618943170e+00,-2.241577273589860919e+00,9.978518848313724376e-01,-3.310093911240197251e+00,-2.780385926260022789e+00,-7.835114656934774047e-01,3.027043533248903628e+00,4.548851490535405162e+00,4.607187667730782366e+00,1.712191817436913510e+00,4.784078349738587477e-01,3.446151178820857197e+00,3.068251682598591046e+00,-1.377082529561246549e+00,1.399498988743898664e+00,2.096993434639097487e+00,2.579765162176879123e+00,-4.986211624217331106e+00,2.573791955550199795e+00,2.091232720196085637e-01,-1.200523850015295046e+00,1.866752203725248194e+00,-4.884145102153164331e+00,6.856564945705043712e-01,-2.871857312894144698e+00
3.891921777647617375e+00,1.250457622326685225e+00,-4.334633885697160238e+00,4.019973247336416478e+00,-8.660022155082831574e-01,-3.299771085495568634e+00,1.300187106500194645e-01,1.380587213262913338e+00,2.782814702526943407e+00,-4.408991283693648455e+00,-2.719193282735793638e+00,4.131122152365890088e+00,-3.910124593048043273e+00,-3.393815963661238833e+00,6.746735199970688157e-01,-8.115108899722560665e-01,1.085038142863598232e+00,-1.784087265364680874e+00,-2.037391110284487716e+00,2.710678815812217479e-01,3.569068131288634760e+00,-9.241008217745640962e-01,3.656587375076822966e-01,-6.434522009505538875e-02,3.327580719498076434e+00,4.631353261986037140e+00,-4.649906622506387421e+00,-3.917470548343016112e+00,-7.686809232525000368e-01,-3.544206778169386673e+00,6.315224964363270743e-01,4.091735611810245032e+00,-1.851442953254957224e+00,-1.824287534065645922e+00,2.513752398274816002e+00,-3.311893509815337033e+00,2.074353090248032494e+00,-4.865198248752752086e+00,-4.513921957268499874e+00,4.049942874832408890e+00,-4.169406007665176439e+00,4.152981566895340038e+00,-1.518145582725938247e+00,-1.513762286575106586e-01,-4.307597131493775322e+00,-2.888349489998340847e+00,3.470127892900617184e+00,3.977430405978903849e+00,-2.050788956374379524e+00,-3.634677053588872830e+00
